Name,Address,Phone
Mithila Industrial Company,"S-221, Ground Floor, Carwale Showroom, 02, Main Rd, near East Delhi, School Block, Block S1, Shakarpur, Delhi, 110092",011 2248 3745
RAJESH INDUSTRIAL PROJECTS PVT. LTD.,"303, Anupam plaza 1, 6, LSC DDA, Gazipur, Ghazipur, Delhi, 110096",098181 81159
Global Trading Company,"Shiv Arcade, A2/29, Block D, Acharya Niketan, Mayur Vihar, Delhi, 110091",098116 09247
WEBSAMG,"101, First Floor, Choudhary Market, Patparganj Rd, Adarsh Mohalla, Patparganj, Mayur Vihar, Delhi, 110091",088824 01401
UNISTAR BIOTECH LTD,"E-13, Third Floor, Vardhman Master Plaza, above ICAI Northern Regional Center, IP Enclave, Ghazipur Village, Ghazipur, Delhi, 110096",011 4733 0256
Simplex Packaging Limited,"B 37-39, B Block, Sector 6, Noida, Uttar Pradesh 201301",4314623
Treco Technologies Private Limited,"A7,2nd Floor, Block C, Acharya Niketan, Mayur Vihar, Delhi, 110091",011 4566 2460
ğ‘¨ğ‘¶ ğ‘ºğ’ğ’‡ğ’•ğ’˜ğ’‚ğ’“ğ’† ğ‘ºğ’ğ’ğ’–ğ’•ğ’Šğ’ğ’ Website Designing company-website development company-product promotion and ERP development company,"1B, S-505, School Block, Laxmi Nagar, II, Shakarpur, New Delhi, Delhi, 110092",011 4260 3444
AbyM Technology - Top AI and IT company I Best Digital agency in Noida | Delhi NCR | India,"6th & 7th, Floors, C-56/11, C Block, Phase 2, Industrial Area, Sector 62, Noida, Uttar Pradesh 201301",N/A
Rmade Life Sciences Pvt. Ltd. - Pharma & Pharmaceuticals Company in Delhi NCR,"400-B, 3rd Floor, Amar Plaza, Plot No-45A, Hasanpur, I.P.Extension, Patparganj, Delhi, 110092",070112 71799
Best SEO Company Delhi - Kenovate Solutions,"202, Plot. 51, Hasanpur, Patparganj, New Delhi, Delhi 110092",011 4214 1242
,N/A,
,,
,,
,,
,,
,,
,,
,,
,,N/A
